{
  "$schema": "https://schema.management.azure.com/schemas/2019-04-01/deploymentParameters.json#",
  "contentVersion": "1.0.0.0",
  "parameters": {
    "adminUsername": {
      "value": "admusridc"
    },
    "adminPassword": {
      "value": "MexicoDistritoFederal67"
    },
    "vmSize": {
      "value": "Standard_DS1_v2"
    },
    "location": {
      "value": "centralus"
    },
    "securityType": {
      "value": "Standard"
    },
    "vnetResourceGroup": {
      "value": "adsprdarmrgp006DR"
    },
    "virtualNetworkName": {
      "value": "adsprdarmvntusc001DR"
    },
    "subnetName": {
      "value": "adsprdarmsubusc001DR"
    },
    "nsgResourceGroup": {
      "value": "adsprdarmrgp006DR"
    },
    "networkSecurityGroupName": {
      "value": "adsprdarmnsgusc001DR"
    },
    "imageVersionId": {
      "value": "/subscriptions/d7b64d04-1ee5-4fbe-a6be-788d9fe784a3/resourceGroups/ideprdarmrgp001/providers/Microsoft.Compute/galleries/Identity/images/IDCIMG22MAIN/versions/1.0.1"
    },
    "vmList": {
      "value": [
        {
          "name": "ADSPRD009Z",
          "ip": "10.159.2.198"
        },
        {
          "name": "ADSPRD010Z",
          "ip": "10.159.2.199"
        },
       {
          "name": "ADSPRD011Z",
          "ip": "10.159.2.196"
        },
        {
          "name": "ADSPRD012Z",
          "ip": "10.159.2.197"
        },
       {
          "name": "MGTPRD951Z",
          "ip": "10.159.2.200"
        }
      ]
    }
  }
}