{
  "$schema": "https://schema.management.azure.com/schemas/2019-04-01/deploymentParameters.json#",
  "contentVersion": "1.0.0.0",
  "parameters": {
    "adminUsername": {
      "value": "admusridc"
    },
    "adminPassword": {
      "value": "MexicoDistritoFederal67"
    },
    "vmSize": {
      "value": "Standard_DS1_v2"
    },
    "location": {
      "value": "centralus"
    },
    "securityType": {
      "value": "Standard"
    },
    "vnetResourceGroup": {
      "value": "adsprdarmrgp006DR"
    },
    "virtualNetworkName": {
      "value": "adsprdarmvntusc001DR"
    },
    "subnetName": {
      "value": "appprdarmsubusc001DR"
    },
    "nsgResourceGroup": {
      "value": "adsprdarmrgp006DR"
    },
    "networkSecurityGroupName": {
      "value": "adsprdarmnsgusc002DR"
    },
    "imageVersionId": {
      "value": "/subscriptions/d7b64d04-1ee5-4fbe-a6be-788d9fe784a3/resourceGroups/ideprdarmrgp001/providers/Microsoft.Compute/galleries/Identity/images/IDCIMG22MAIN/versions/1.0.1"
    },
    "vmList": {
      "value": [
        {
          "name": "AADPRD957Z",
          "ip": "10.159.2.229"
        },
        {
          "name": "AADPRD959Z",
          "ip": "10.159.2.231"
        },
        {
          "name": "AUTPRD962Z",
          "ip": "10.159.2.233"
        },
        {
          "name": "ECSPRD961Z",
          "ip": "10.159.2.232"
        },
        {
          "name": "ENPPRD953Z",
          "ip": "10.159.2.228"
        }
      ]
    }
  }
}