{
  "$schema": "https://schema.management.azure.com/schemas/2019-04-01/deploymentParameters.json#",
  "contentVersion": "1.0.0.0",
  "parameters": {
    "adminUsername": {
      "value": "admusridc"
    },
    "adminPassword": {
      "value": "MexicoDistritoFederal67"
    },
    "vmSize": {
      "value": "Standard_DS1_v2"
    },
    "location": {
      "value": "westus2"
    },
    "securityType": {
      "value": "Standard"
    },
    "vnetResourceGroup": {
      "value": "adsqutarmrgp004DR"
    },
    "virtualNetworkName": {
      "value": "adsqutarmvntuw2001DR"
    },
    "subnetName": {
      "value": "adsqutarmsubuw2001DR"
    },
    "nsgResourceGroup": {
      "value": "adsqutarmrgp004DR"
    },
    "networkSecurityGroupName": {
      "value": "adsqutarmnsguw2001DR"
    },
    "imageVersionId": {
      "value": "/subscriptions/d7b64d04-1ee5-4fbe-a6be-788d9fe784a3/resourceGroups/ideprdarmrgp001/providers/Microsoft.Compute/galleries/Identity/images/IDCIMG22MAIN/versions/1.0.1"
    },
    "vmList": {
      "value": [
        {
          "name": "ADSQUT001Z",
          "ip": "10.157.129.68"
        },
        {
          "name": "ADSQUT002Z",
          "ip": "10.157.129.69"
        },
        {
          "name": "MGTQUT001Z",
          "ip": "10.157.129.70"
        },
       ]
    }
  }
}