{
  "$schema": "https://schema.management.azure.com/schemas/2019-04-01/deploymentParameters.json#",
  "contentVersion": "1.0.0.0",
  "parameters": {
    "adminUsername": {
      "value": "admusridc"
    },
    "adminPassword": {
      "value": "MexicoDistritoFederal67"
    },
    "vmSize": {
      "value": "Standard_DS1_v2"
    },
    "location": {
      "value": "westus2"
    },
    "securityType": {
      "value": "Standard"
    },
    "vnetResourceGroup": {
      "value": "adsprdarmrgp004DR"
    },
    "virtualNetworkName": {
      "value": "adsprdarmvntuw2001DR"
    },
    "subnetName": {
      "value": "appprdarmsubuw2001DR"
    },
    "nsgResourceGroup": {
      "value": "adsprdarmrgp004DR"
    },
    "networkSecurityGroupName": {
      "value": "appprdarmnsguw2001DR"
    },
    "imageVersionId": {
      "value": "/subscriptions/d7b64d04-1ee5-4fbe-a6be-788d9fe784a3/resourceGroups/ideprdarmrgp001/providers/Microsoft.Compute/galleries/Identity/images/IDCIMG22MAIN/versions/1.0.1"
    },
    "vmList": {
      "value": [
        {
          "name": "AADPPRD955Z",
          "ip": "10.157.129.38"
        },
        {
          "name": "AADPPRD956Z",
          "ip": "10.157.129.42"
        },
        {
          "name": "AADPRD958Z",
          "ip": "10.157.129.43"
        },
        {
          "name": "AGPPRD954Z",
          "ip": "10.157.129.41"
        },
       {
          "name": "ECSPRD960Z",
          "ip": "10.157.129.39"
        }
      ]
    }
  }
}