{
  "$schema": "https://schema.management.azure.com/schemas/2019-04-01/deploymentParameters.json#",
  "contentVersion": "1.0.0.0",
  "parameters": {
    "adminUsername": {
      "value": "admusridc"
    },
    "adminPassword": {
      "value": "MexicoDistritoFederal67"
    },
    "vmSize": {
      "value": "Standard_DS1_v2"
    },
    "location": {
      "value": "westus2"
    },
    "securityType": {
      "value": "Standard"
    },
    "vnetResourceGroup": {
      "value": "adsdevarmrgp004DR"
    },
    "virtualNetworkName": {
      "value": "adsdevarmvntuw2001DR"
    },
    "subnetName": {
      "value": "adsdevarmsubuw2001DR"
    },
    "nsgResourceGroup": {
      "value": "adsdevarmrgp004DR"
    },
    "networkSecurityGroupName": {
      "value": "adsdevarmnsguw2001DR"
    },
    "imageVersionId": {
      "value": "/subscriptions/d7b64d04-1ee5-4fbe-a6be-788d9fe784a3/resourceGroups/idedevarmrgp001/providers/Microsoft.Compute/galleries/Identity/images/IDCIMG22MAIN/versions/1.0.1"
    },
    "vmList": {
      "value": [
        {
          "name": "ADSDEV001Z",
          "ip": "10.157.129.132"
        },
        {
          "name": "ADSDEV002Z",
          "ip": "10.157.129.133"
        },
        {
          "name": "MGTDEV950",
          "ip": "10.157.129.134"
        }
      ]
    }
  }
}