{
  "$schema": "https://schema.management.azure.com/schemas/2019-04-01/deploymentParameters.json#",
  "contentVersion": "1.0.0.0",
  "parameters": {
    "adminUsername": {
      "value": "admusridc"
    },
    "adminPassword": {
      "value": "MexicoDistritoFederal67"
    },
    "vmSize": {
      "value": "Standard_DS1_v2"
    },
    "location": {
      "value": "westus2"
    },
    "securityType": {
      "value": "Standard"
    },
    "vnetResourceGroup": {
      "value": "adsprdarmrgp004DR"
    },
    "virtualNetworkName": {
      "value": "adsprdarmvntuw2001DR"
    },
    "subnetName": {
      "value": "adsprdarmsubuw2001DR"
    },
    "nsgResourceGroup": {
      "value": "adsprdarmrgp004DR"
    },
    "networkSecurityGroupName": {
      "value": "adsprdarmnsguw2001DR"
    },
    "imageVersionId": {
      "value": "/subscriptions/d7b64d04-1ee5-4fbe-a6be-788d9fe784a3/resourceGroups/ideprdarmrgp001/providers/Microsoft.Compute/galleries/Identity/images/IDCIMG22MAIN/versions/1.0.1"
    },
    "vmList": {
      "value": [
        {
          "name": "ADSPRD001Z",
          "ip": "10.157.129.7"
        },
        {
          "name": "ADSPRD002Z",
          "ip": "10.157.129.5"
        },
       {
          "name": "ADSPRD003Z",
          "ip": "10.157.129.4"
        },
       {
          "name": "ADSPRD004Z",
          "ip": "10.157.129.6"
        },
        {
          "name": "ADSPRD005Z",
          "ip": "10.157.129.9"
        },
       {
          "name": "ADSPRD006Z",
          "ip": "10.157.129.8"
        },
       {
          "name": "MGTPRD950Z",
          "ip": "10.157.129.10"
        }
      ]
    }
  }
}