{
  "$schema": "https://schema.management.azure.com/schemas/2019-04-01/deploymentParameters.json#",
  "contentVersion": "1.0.0.0",
  "parameters": {
    "adminUsername": {
      "value": "admusridc"
    },
    "adminPassword": {
      "value": "MexicoDistritoFederal67"
    },
    "vmSize": {
      "value": "Standard_DS1_v2"
    },
    "location": {
      "value": "westus2"
    },
    "securityType": {
      "value": "Standard"
    },
    "vnetResourceGroup": {
      "value": "adsqutarmrgp006DR"
    },
    "virtualNetworkName": {
      "value": "adsqutarmvntusc001DR"
    },
    "subnetName": {
      "value": "adsqutarmsubusc001DR"
    },
    "nsgResourceGroup": {
      "value": "adsqutarmrgp006DR"
    },
    "networkSecurityGroupName": {
      "value": "adsqutarmnsgusc001DR"
    },
    "imageVersionId": {
      "value": "/subscriptions/d7b64d04-1ee5-4fbe-a6be-788d9fe784a3/resourceGroups/ideprdarmrgp001/providers/Microsoft.Compute/galleries/Identity/images/IDCIMG22MAIN/versions/1.0.1"
    },
    "vmList": {
      "value": [
        {
          "name": "ADSPRD009Z",
          "ip": "10.0.1.20"
        },
        {
          "name": "ADSPRD010Z",
          "ip": "10.0.1.21"
        }
      ]
    }
  }
}