{
  "$schema": "https://schema.management.azure.com/schemas/2019-04-01/deploymentParameters.json#",
  "contentVersion": "1.0.0.0",
  "parameters": {
    "adminUsername": {
      "value": "admusridc"
    },
    "adminPassword": {
      "value": "MexicoDistritoFederal67"
    },
    "vmSize": {
      "value": "Standard_DS1_v2"
    },
    "location": {
      "value": "centralus"
    },
    "securityType": {
      "value": "Standard"
    },
    "vnetResourceGroup": {
      "value": "adsdevarmrgp006DR"
    },
    "virtualNetworkName": {
      "value": "adsdevarmvntusc001DR"
    },
    "subnetName": {
      "value": "adsdevarmsubusc001DR"
    },
    "nsgResourceGroup": {
      "value": "adsdevarmrgp006DR"
    },
    "networkSecurityGroupName": {
      "value": "adsdevarmnsgusc001DR"
    },
    "imageVersionId": {
      "value": "/subscriptions/d7b64d04-1ee5-4fbe-a6be-788d9fe784a3/resourceGroups/idedevarmrgp001/providers/Microsoft.Compute/galleries/Identity/images/IDCIMG22MAIN/versions/1.0.1"
    },
    "vmList": {
      "value": [
        {
          "name": "ADSDEV003Z",
          "ip": "10.159.2.101"
        },
        {
          "name": "ADSDEV004Z",
          "ip": "10.159.2.100"
        },
          "name": "ADSDEVMGT951Z",
          "ip": "10.159.2.117"
        }
      ]
    }
  }
}