{
  "$schema": "https://schema.management.azure.com/schemas/2019-04-01/deploymentParameters.json#",
  "contentVersion": "1.0.0.0",
  "parameters": {
    "adminUsername": {
      "value": "admusridc"
    },
    "adminPassword": {
      "value": "MexicoDistritoFederal67"
    },
    "vmSize": {
      "value": "Standard_DS1_v2"
    },
    "location": {
      "value": "uksouth"
    },
    "securityType": {
      "value": "Standard"
    },
    "vnetResourceGroup": {
      "value": "adsprdarmrgp008DR"
    },
    "virtualNetworkName": {
      "value": "adsprdarmvntuks001"
    },
    "subnetName": {
      "value": "adsprdarmsubuks001"
    },
    "nsgResourceGroup": {
      "value": "adsprdarmrgp008DR"
    },
    "networkSecurityGroupName": {
      "value": "adsprdarmnsguks001"
    },
    "imageVersionId": {
      "value": "/subscriptions/d7b64d04-1ee5-4fbe-a6be-788d9fe784a3/resourceGroups/ideprdarmrgp001/providers/Microsoft.Compute/galleries/Identity/images/IDCIMG22MAIN/versions/1.0.1"
    },
    "vmList": {
      "value": [
        {
          "name": "ADSPRD007Z",
          "ip": "10.155.168.4"
        },
        {
          "name": "ADSPRD008Z",
          "ip": "10.155.168.5"
        }
      ]
    }
   }
}